{
    "bodyTemplate1Data": {
        "type": "object",
        "objectId": "bt1Sample",
        "backgroundImage": {
            "contentDescription": null,
            "smallSourceUrl": null,
            "largeSourceUrl": null,
            "sources": [
                {
                    "url": "https://d2o906d8ln7ui1.cloudfront.net/images/BT1_Background.png",
                    "size": "small",
                    "widthPixels": 0,
                    "heightPixels": 0
                },
                {
                    "url": "https://d2o906d8ln7ui1.cloudfront.net/images/BT1_Background.png",
                    "size": "large",
                    "widthPixels": 0,
                    "heightPixels": 0
                }
            ]
        },
        "title": "Types of insurance",
        "textContent": {
            "primaryText": {
                "type": "PlainText",
                "text": "- Dental, Medical"
            }
        },
        "logoUrl": "https://d2o906d8ln7ui1.cloudfront.net/images/cheeseskillicon.png"
    }
}