{
    "listTemplate2Metadata":{
       "type":"object",
       "objectId":"lt1Metadata",
       "backgroundImage":{
          "contentDescription":null,
          "smallSourceUrl":null,
          "largeSourceUrl":null,
          "sources":[
             {
                "url":"https://i.ibb.co/fQXSdX8/15553616494523783.gif",
                "size":"small",
                "widthPixels":0,
                "heightPixels":0
             },
             {
                "url":"https://i.ibb.co/fQXSdX8/15553616494523783.gif",
                "size":"large",
                "widthPixels":0,
                "heightPixels":0
             }
          ]
       },
       "title":"Welcome to Phreesia Digital Assistant",
       "logoUrl":"https://www.bluedata.com/wp-content/uploads/2018/05/customers-logo-phreesia-2.png"
    },
    "listTemplate2ListData":{
       "type":"list",
       "listId":"lt2Sample",
       "totalNumberOfItems":10,
       "hintText":"Try, \"Alexa, Get my Doctor Info\"",
       "listPage":{
          "listItems":[        
             {
                "listItemIdentifier":"Doctor",
                "ordinalNumber":1,
                "textContent":{
                   "primaryText":{
                      "type":"PlainText",
                      "text":"Get my Doctor Info"
                   },
                   "secondaryText":{
                      "type":"PlainText",
                      "text":"Duration: 5 seconds"
                   }
                },
                "image":{
                   "contentDescription":null,
                   "smallSourceUrl":null,
                   "largeSourceUrl":null,
                   "sources":[
                      {
                         "url":"https://thumbs.dreamstime.com/z/doctor-icon-logo-white-background-template-vector-97395631.jpg",
                         "size":"small",
                         "widthPixels":0,
                         "heightPixels":0
                      },
                      {
                         "url":"https://thumbs.dreamstime.com/z/doctor-icon-logo-white-background-template-vector-97395631.jpg",
                         "size":"large",
                         "widthPixels":0,
                         "heightPixels":0
                      }
                   ]
                },
                "token":"Doctor"
             },
             {
               "listItemIdentifier":"Procedure",
               "ordinalNumber":2,
               "textContent":{
                  "primaryText":{
                     "type":"PlainText",
                     "text":"Treatment Info"
                  },
                  "secondaryText":{
                     "type":"RichText",
                     "text":"Duration: 15 seconds"
                  }
               },
               "image":{
                  "contentDescription":null,
                  "smallSourceUrl":null,
                  "largeSourceUrl":null,
                  "sources":[
                     {
                        "url":"https://medica-tour.com/uploads/images/Stem%20cell%20therapy%20in%20Moscow,%20Russia.jpg",
                        "size":"small",
                        "widthPixels":0,
                        "heightPixels":0
                     },
                     {
                        "url":"https://medica-tour.com/uploads/images/Stem%20cell%20therapy%20in%20Moscow,%20Russia.jpg",
                        "size":"large",
                        "widthPixels":0,
                        "heightPixels":0
                     }
                  ]
               },
               "token":"Procedure"
            },
             {
                "listItemIdentifier":"survey",
                "ordinalNumber":2,
                "textContent":{
                   "primaryText":{
                      "type":"PlainText",
                      "text":"Take a Survey"
                   },
                   "secondaryText":{
                      "type":"RichText",
                      "text":"Duration: 20 seconds"
                   }
                },
                "image":{
                   "contentDescription":null,
                   "smallSourceUrl":null,
                   "largeSourceUrl":null,
                   "sources":[
                      {
                         "url":"https://st3.depositphotos.com/15150504/17440/v/1600/depositphotos_174401696-stock-illustration-hands-pen-medical-clipboard-clinical.jpg",
                         "size":"small",
                         "widthPixels":0,
                         "heightPixels":0
                      },
                      {
                         "url":"https://st3.depositphotos.com/15150504/17440/v/1600/depositphotos_174401696-stock-illustration-hands-pen-medical-clipboard-clinical.jpg",
                         "size":"large",
                         "widthPixels":0,
                         "heightPixels":0
                      }
                   ]
                },
                "token":"survey"
             },
             {
                "listItemIdentifier":"Appointment",
                "ordinalNumber":3,
                "textContent":{
                   "primaryText":{
                      "type":"PlainText",
                      "text":"Get Appointment Status"
                   },
                   "secondaryText":{
                      "type":"RichText",
                      "text":"Duration: 5 seconds"
                   }
                },
                "image":{
                   "contentDescription":null,
                   "smallSourceUrl":null,
                   "largeSourceUrl":null,
                   "sources":[
                      {
                         "url":"https://fiverr-res.cloudinary.com/images/q_auto,f_auto/gigs/117152877/original/7ff737b9868ffddfc42c9921ee50e147f6ffefed/develop-medical-healthcare-online-doctor-appointment-app.jpg",
                         "size":"small",
                         "widthPixels":0,
                         "heightPixels":0
                      },
                      {
                         "url":"https://fiverr-res.cloudinary.com/images/q_auto,f_auto/gigs/117152877/original/7ff737b9868ffddfc42c9921ee50e147f6ffefed/develop-medical-healthcare-online-doctor-appointment-app.jpg",
                         "size":"large",
                         "widthPixels":0,
                         "heightPixels":0
                      }
                   ]
                },
                "token":"Appointment"
             },
             {
                "listItemIdentifier":"Reminder",
                "ordinalNumber":1,
                "textContent":{
                   "primaryText":{
                      "type":"PlainText",
                      "text":"Activate Reminder"
                   },
                   "secondaryText":{
                      "type":"PlainText",
                      "text":"Duration: 5 seconds"
                   }
                },
                "image":{
                   "contentDescription":null,
                   "smallSourceUrl":null,
                   "largeSourceUrl":null,
                   "sources":[
                      {
                         "url":"https://thumbs.dreamstime.com/z/calendar-bell-icon-vector-filled-flat-sign-solid-pictogram-isolated-white-agenda-reminder-symbol-logo-calendar-bell-108229979.jpg",
                         "size":"small",
                         "widthPixels":0,
                         "heightPixels":0
                      },
                      {
                         "url":"https://thumbs.dreamstime.com/z/calendar-bell-icon-vector-filled-flat-sign-solid-pictogram-isolated-white-agenda-reminder-symbol-logo-calendar-bell-108229979.jpg",
                         "size":"large",
                         "widthPixels":0,
                         "heightPixels":0
                      }
                   ]
                },
                "token":"Reminder"
             },
             {
                "listItemIdentifier":"Billing",
                "ordinalNumber":2,
                "textContent":{
                   "primaryText":{
                      "type":"PlainText",
                      "text":"Billing Info"
                   },
                   "secondaryText":{
                      "type":"RichText",
                      "text":"Duration: 15 seconds"
                   }
                },
                "image":{
                   "contentDescription":null,
                   "smallSourceUrl":null,
                   "largeSourceUrl":null,
                   "sources":[
                      {
                         "url":"https://www.pinclipart.com/picdir/middle/340-3409739_bill-png-vector-money-logo-png-clipart.png",
                         "size":"small",
                         "widthPixels":0,
                         "heightPixels":0
                      },
                      {
                         "url":"https://www.pinclipart.com/picdir/middle/340-3409739_bill-png-vector-money-logo-png-clipart.png",
                         "size":"large",
                         "widthPixels":0,
                         "heightPixels":0
                      }
                   ]
                },
                "token":"Billing"
             },
             {
               "listItemIdentifier":"Insurance",
               "ordinalNumber":2,
               "textContent":{
                  "primaryText":{
                     "type":"PlainText",
                     "text":"Insurance Info"
                  },
                  "secondaryText":{
                     "type":"RichText",
                     "text":"Duration: 15 seconds"
                  }
               },
               "image":{
                  "contentDescription":null,
                  "smallSourceUrl":null,
                  "largeSourceUrl":null,
                  "sources":[
                     {
                        "url":"https://cdn2.vectorstock.com/i/1000x1000/69/56/world-globe-medical-travel-insurance-logo-vector-12066956.jpg",
                        "size":"small",
                        "widthPixels":0,
                        "heightPixels":0
                     },
                     {
                        "url":"https://cdn2.vectorstock.com/i/1000x1000/69/56/world-globe-medical-travel-insurance-logo-vector-12066956.jpg",
                        "size":"large",
                        "widthPixels":0,
                        "heightPixels":0
                     }
                  ]
               },
               "token":"Insurance"
            }
            
          ]
       }
    }
 }