{
    "type": "Display.RenderTemplate",
    "template": {
      "type": "BodyTemplate1",
      "title": "Welcome to Phreesia Voice Assistant",
      "token": "SampleCard_92347",
      "textContent": {
        "primaryText": {
          "type": "RichText",
          "text": "<br/><br/><br/><br/><br/><b>Please authenticate to proceed</b> <br/> <i>Just Say, \"Alexa, authenticate\"</i>"
        }
      },
      "backgroundImage": {
        "contentDescription": "Phreesia Image",
        "sources": [
          {
            "url": "https://i.ibb.co/fQXSdX8/15553616494523783.gif"
          }
        ]
      },
      "backButton": "HIDDEN"
}}